{
  "name": "Xtrm",
  "vendorId": "0xDE29",
  "productId": "0x7303",
  "lighting": "none",
  "matrix": {
    "rows": 4,
    "cols": 12
  },
  "layouts": {
    "keymap": [
      ["0,0", "0,1", "0,2", "0,3", "0,4", "0,5", "0,6", "0,7", "0,8", "0,9", "0,10", "0,11"],
      [{"w": 1.25}, "1,0", "1,1", "1,2", "1,3", "1,4", "1,5", "1,6", "1,7", "1,8", "1,9", {"w": 1.75}, "1,11"],
      [{"w": 1.75}, "2,0", "2,2", "2,3", "2,4", "2,5", "2,6", "2,7", "2,8", {"w": 1.25}, "2,9", "2,10", "2,11"],
      [{"w": 1.25}, "3,0", "3,1", {"w": 1.25}, "3,3", {"w": 3}, "3,5", {"w": 1.25}, "3,7", {"w": 1.25}, "3,8", "3,9", "3,10", "3,11"],
      [{"x": 10, "y": 0.5}, "3,4", "3,6"]
    ]
  }
}
